file_name	source_repository	file_type	reported_size	download_url_or_identifier	description	candidate_level	downloaded	sha256	notes
DED1_IS_DIA.raw	jPOST JPST003233 / OmicsDI PXD054330	Thermo vendor RAW	4032662296	https://storage.jpostdb.org/JPST003233/DED1_IS_DIA.raw	Thermo Fisher vendor RAW DIA file.	UNKNOWN	NO	NOT_COMPUTED_PUBLIC_MD5_ONLY	Thermo vendor RAW; hyperosmotic run.
DED2_IS_DIA.raw	jPOST JPST003233 / OmicsDI PXD054330	Thermo vendor RAW	4172725165	https://storage.jpostdb.org/JPST003233/DED2_IS_DIA.raw	Thermo Fisher vendor RAW DIA file.	UNKNOWN	NO	NOT_COMPUTED_PUBLIC_MD5_ONLY	Thermo vendor RAW; hyperosmotic run.
DED4_IS_DIA.raw	jPOST JPST003233 / OmicsDI PXD054330	Thermo vendor RAW	3898013318	https://storage.jpostdb.org/JPST003233/DED4_IS_DIA.raw	Thermo Fisher vendor RAW DIA file.	UNKNOWN	NO	NOT_COMPUTED_PUBLIC_MD5_ONLY	Thermo vendor RAW; hyperosmotic run.
NR1_IS_DIA_20220730051416.raw	jPOST JPST003233 / OmicsDI PXD054330	Thermo vendor RAW	3776299204	https://storage.jpostdb.org/JPST003233/NR1_IS_DIA_20220730051416.raw	Thermo Fisher vendor RAW DIA file.	UNKNOWN	NO	NOT_COMPUTED_PUBLIC_MD5_ONLY	Thermo vendor RAW; isosmotic run.
NR3_IS_DIA.raw	jPOST JPST003233 / OmicsDI PXD054330	Thermo vendor RAW	4146914593	https://storage.jpostdb.org/JPST003233/NR3_IS_DIA.raw	Thermo Fisher vendor RAW DIA file.	UNKNOWN	NO	NOT_COMPUTED_PUBLIC_MD5_ONLY	Thermo vendor RAW; isosmotic run.
NR4_IS_DIA.raw	jPOST JPST003233 / OmicsDI PXD054330	Thermo vendor RAW	4206950049	https://storage.jpostdb.org/JPST003233/NR4_IS_DIA.raw	Thermo Fisher vendor RAW DIA file.	UNKNOWN	NO	NOT_COMPUTED_PUBLIC_MD5_ONLY	Thermo vendor RAW; isosmotic run.
Orbitrap_HCEC_DED_vs_NRM_Report_BGS Analysis Grid View Report (Pivot).tsv	jPOST JPST003233 / OmicsDI PXD054330	tabular protein-group abundance export	1194868	https://storage.jpostdb.org/JPST003233/Orbitrap_HCEC_DED_vs_NRM_Report_BGS%20Analysis%20Grid%20View%20Report%20%28Pivot%29.tsv	Spectronaut pivot with six raw-run quantity columns.	PROTEIN_MATRIX	YES	0c9c3fa328353c7431e148b5faaba8708f4e0196dee0c59164abd46d1f313125	Tab-separated Spectronaut pivot export; downloaded unchanged.
20231227_uniprotkb_homo_sapiens_Review_ISO.fasta	jPOST JPST003233 / OmicsDI PXD054330	reference FASTA	29232249	https://storage.jpostdb.org/JPST003233/20231227_uniprotkb_homo_sapiens_Review_ISO.fasta	Reviewed Homo sapiens UniProt reference FASTA.	METADATA	YES	98be85800e5979ef18bb6f4485f5c90b22f3143da406dd97f45dc5da7eb6941a	Reviewed human reference FASTA; downloaded unchanged.
20240129_160649_Orbitrap_HCEC_DED_vs_NRM.sne	jPOST JPST003233 / OmicsDI PXD054330	Spectronaut search/library output	3217281567	https://storage.jpostdb.org/JPST003233/20240129_160649_Orbitrap_HCEC_DED_vs_NRM.sne	Spectronaut SNE/library file.	SEARCH_OUTPUT	NO	NOT_COMPUTED_PUBLIC_MD5_ONLY	Spectronaut SNE/library output; not needed for matrix audit.
