module	observed_TRI_like	empirical_P	BH_FDR	classification_C2R
YAP_TAZ_mechanosensing	0.9570734138022228	0.1108889111088891	0.2495000499950004	NOT_SUPPORTED
actin_cytoskeleton	0.599861257828546	0.0707929207079292	0.2123787621237876	NOT_SUPPORTED
amino_acid_osmolyte_transport	1.0591242676102863	0.0072992700729927	0.0656934306569343	SUGGESTIVE_NOMINAL_ONLY
cell_matrix_adhesion	0.4693106757095024	0.1834816518348165	0.2752224777522247	NOT_SUPPORTED
epithelial_junction_barrier	0.2489246914302707	0.4588541145885411	0.589955290185267	NOT_SUPPORTED
focal_adhesion	0.4493744761347688	0.1396860313968603	0.2514348565143485	NOT_SUPPORTED
integrated_stress_response	-0.3106917276661641	0.9804019598040196	0.9804019598040196	NOT_SUPPORTED
mechanosensitive_ion_channels				NOT_SUPPORTED
mitochondrial_OXPHOS	0.0847067448810557	0.7198280171982802	0.8098065193480652	NOT_SUPPORTED
mechanotransduction_network_composite	0.4944793845328268	0.0250974902509749	0.112938706129387	SUGGESTIVE_NOMINAL_ONLY
