repeat_id	n_oof	rho_A	rho_B	rho_C	rho_D	delta_BA	delta_CA	delta_DA
0	3966	0.1097636010581891	0.1488418691633312	0.148220319125614	0.1526333626930208	0.0390782681051421	0.0384567180674249	0.0428697616348317
1	3966	0.1088983098492117	0.1506358494662232	0.1502009235823183	0.1551096226415483	0.0417375396170115	0.0413026137331065	0.0462113127923366
2	3966	0.1087657085425748	0.1479683422868452	0.1474388532886474	0.1520073276954091	0.0392026337442704	0.0386731447460726	0.0432416191528343
3	3966	0.1053625459819058	0.1499902926298839	0.1492765947966142	0.152473993399071	0.044627746647978	0.0439140488147084	0.0471114474171652
4	3966	0.1116829128583964	0.1514068118599061	0.1506478204522491	0.1547448241022414	0.0397238990015097	0.0389649075938527	0.043061911243845
5	3966	0.1092774290972601	0.1506496958060562	0.1499041461973505	0.1519486917741085	0.0413722667087961	0.0406267171000904	0.0426712626768484
6	3966	0.1080178492228052	0.1502288242071546	0.1496101650112686	0.1540247780741839	0.0422109749843494	0.0415923157884634	0.0460069288513786
7	3966	0.112127837038483	0.1524619572017474	0.1519484665162043	0.1553914477877154	0.0403341201632644	0.0398206294777213	0.0432636107492323
8	3966	0.1131329181859333	0.1496798733877066	0.1490661229289678	0.1509654479473609	0.0365469552017732	0.0359332047430344	0.0378325297614275
9	3966	0.1098905039746499	0.1492916953478353	0.1484918907089564	0.1532410927447333	0.0394011913731853	0.0386013867343064	0.0433505887700833
