module	gene_symbol	membership_rule
mechanosensitive_ion_channels	PIEZO1	predefined mechanosensitive channel panel
mechanosensitive_ion_channels	PIEZO2	predefined mechanosensitive channel panel
mechanosensitive_ion_channels	TRPV1	predefined mechanosensitive channel panel
mechanosensitive_ion_channels	TRPV4	predefined mechanosensitive channel panel
mechanosensitive_ion_channels	TACAN	predefined mechanosensitive channel panel
focal_adhesion	VCL	predefined adhesion/cytoskeletal panel
focal_adhesion	PXN	predefined adhesion/cytoskeletal panel
focal_adhesion	TLN1	predefined adhesion/cytoskeletal panel
focal_adhesion	FERMT2	predefined adhesion/cytoskeletal panel
focal_adhesion	PTK2	predefined adhesion/cytoskeletal panel
focal_adhesion	ITGB1	predefined adhesion/cytoskeletal panel
focal_adhesion	ITGA3	predefined adhesion/cytoskeletal panel
focal_adhesion	ITGA6	predefined adhesion/cytoskeletal panel
focal_adhesion	FLNA	predefined adhesion/cytoskeletal panel
focal_adhesion	FLNB	predefined adhesion/cytoskeletal panel
actin_cytoskeleton	ACTB	predefined actin/motor panel
actin_cytoskeleton	ACTG1	predefined actin/motor panel
actin_cytoskeleton	ACTN1	predefined actin/motor panel
actin_cytoskeleton	ACTN4	predefined actin/motor panel
actin_cytoskeleton	MYH9	predefined actin/motor panel
actin_cytoskeleton	MYH10	predefined actin/motor panel
actin_cytoskeleton	CFL1	predefined actin/motor panel
actin_cytoskeleton	PFN1	predefined actin/motor panel
actin_cytoskeleton	ARPC1B	predefined actin/motor panel
actin_cytoskeleton	ARPC2	predefined actin/motor panel
actin_cytoskeleton	EZR	predefined actin/motor panel
cell_matrix_adhesion	ITGB1	predefined cell-matrix/adhesion panel
cell_matrix_adhesion	ITGA3	predefined cell-matrix/adhesion panel
cell_matrix_adhesion	ITGA6	predefined cell-matrix/adhesion panel
cell_matrix_adhesion	CDH1	predefined cell-matrix/adhesion panel
cell_matrix_adhesion	CTNNA1	predefined cell-matrix/adhesion panel
cell_matrix_adhesion	CTNNB1	predefined cell-matrix/adhesion panel
cell_matrix_adhesion	LAMB1	predefined cell-matrix/adhesion panel
cell_matrix_adhesion	LAMC1	predefined cell-matrix/adhesion panel
cell_matrix_adhesion	COL4A1	predefined cell-matrix/adhesion panel
cell_matrix_adhesion	FERMT2	predefined cell-matrix/adhesion panel
YAP_TAZ_mechanosensing	YAP1	predefined Hippo/YAP-TAZ panel
YAP_TAZ_mechanosensing	WWTR1	predefined Hippo/YAP-TAZ panel
YAP_TAZ_mechanosensing	LATS1	predefined Hippo/YAP-TAZ panel
YAP_TAZ_mechanosensing	LATS2	predefined Hippo/YAP-TAZ panel
YAP_TAZ_mechanosensing	MOB1A	predefined Hippo/YAP-TAZ panel
YAP_TAZ_mechanosensing	MOB1B	predefined Hippo/YAP-TAZ panel
YAP_TAZ_mechanosensing	TEAD1	predefined Hippo/YAP-TAZ panel
YAP_TAZ_mechanosensing	TEAD2	predefined Hippo/YAP-TAZ panel
YAP_TAZ_mechanosensing	AMOT	predefined Hippo/YAP-TAZ panel
YAP_TAZ_mechanosensing	NF2	predefined Hippo/YAP-TAZ panel
epithelial_junction_barrier	TJP1	predefined epithelial-junction/barrier panel
epithelial_junction_barrier	TJP2	predefined epithelial-junction/barrier panel
epithelial_junction_barrier	CLDN1	predefined epithelial-junction/barrier panel
epithelial_junction_barrier	CLDN7	predefined epithelial-junction/barrier panel
epithelial_junction_barrier	OCLN	predefined epithelial-junction/barrier panel
epithelial_junction_barrier	EPCAM	predefined epithelial-junction/barrier panel
epithelial_junction_barrier	DSP	predefined epithelial-junction/barrier panel
epithelial_junction_barrier	JUP	predefined epithelial-junction/barrier panel
epithelial_junction_barrier	CDH1	predefined epithelial-junction/barrier panel
epithelial_junction_barrier	CTNNA1	predefined epithelial-junction/barrier panel
amino_acid_osmolyte_transport	SLC38A2	predefined osmolyte/transport panel
amino_acid_osmolyte_transport	SLC1A5	predefined osmolyte/transport panel
amino_acid_osmolyte_transport	SLC7A5	predefined osmolyte/transport panel
amino_acid_osmolyte_transport	SLC7A8	predefined osmolyte/transport panel
amino_acid_osmolyte_transport	SLC36A1	predefined osmolyte/transport panel
amino_acid_osmolyte_transport	SLC6A6	predefined osmolyte/transport panel
amino_acid_osmolyte_transport	SLC6A8	predefined osmolyte/transport panel
amino_acid_osmolyte_transport	GLS	predefined osmolyte/transport panel
amino_acid_osmolyte_transport	GLS2	predefined osmolyte/transport panel
amino_acid_osmolyte_transport	SLC3A2	predefined osmolyte/transport panel
amino_acid_osmolyte_transport	SLC43A1	predefined osmolyte/transport panel
mitochondrial_OXPHOS	ATP5F1B	predefined mitochondrial/OXPHOS panel
mitochondrial_OXPHOS	ATP5MC1	predefined mitochondrial/OXPHOS panel
mitochondrial_OXPHOS	NDUFA7	predefined mitochondrial/OXPHOS panel
mitochondrial_OXPHOS	NDUFS1	predefined mitochondrial/OXPHOS panel
mitochondrial_OXPHOS	SDHA	predefined mitochondrial/OXPHOS panel
mitochondrial_OXPHOS	UQCRC1	predefined mitochondrial/OXPHOS panel
mitochondrial_OXPHOS	COX4I1	predefined mitochondrial/OXPHOS panel
mitochondrial_OXPHOS	MT-CO1	predefined mitochondrial/OXPHOS panel
mitochondrial_OXPHOS	TFAM	predefined mitochondrial/OXPHOS panel
mitochondrial_OXPHOS	TOMM20	predefined mitochondrial/OXPHOS panel
mitochondrial_OXPHOS	OPA1	predefined mitochondrial/OXPHOS panel
mitochondrial_OXPHOS	DNM1L	predefined mitochondrial/OXPHOS panel
integrated_stress_response	ATF4	predefined integrated-stress-response panel
integrated_stress_response	DDIT3	predefined integrated-stress-response panel
integrated_stress_response	EIF2AK3	predefined integrated-stress-response panel
integrated_stress_response	EIF2S1	predefined integrated-stress-response panel
integrated_stress_response	HSPA5	predefined integrated-stress-response panel
integrated_stress_response	HSP90AA1	predefined integrated-stress-response panel
integrated_stress_response	HSF1	predefined integrated-stress-response panel
integrated_stress_response	NFE2L2	predefined integrated-stress-response panel
integrated_stress_response	XBP1	predefined integrated-stress-response panel
integrated_stress_response	HMOX1	predefined integrated-stress-response panel
integrated_stress_response	ATF6	predefined integrated-stress-response panel
