repeat_id	fold_id	model	n_train	n_test	rho_fold
0	0	A	3569	397	0.10840957708165283
0	0	B	3569	397	0.17268331582344973
0	0	C	3569	397	0.17094575234772444
0	0	D	3569	397	0.1754498007171956
0	1	A	3569	397	0.0467646222870708
0	1	B	3569	397	0.08333668955417496
0	1	C	3569	397	0.08510148636472954
0	1	D	3569	397	0.0626136560215013
0	2	A	3569	397	0.12480212680837975
0	2	B	3569	397	0.1792705225233104
0	2	C	3569	397	0.18051961202854208
0	2	D	3569	397	0.18874733947579286
0	3	A	3569	397	0.13298555214052094
0	3	B	3569	397	0.11061912109973576
0	3	C	3569	397	0.1110707725329955
0	3	D	3569	397	0.11421564735362946
0	4	A	3569	397	0.06109376744036187
0	4	B	3569	397	0.10676579600544515
0	4	C	3569	397	0.10545897950173738
0	4	D	3569	397	0.11640831437548019
0	5	A	3569	397	0.04998122434169167
0	5	B	3569	397	0.15953536862236534
0	5	C	3569	397	0.15735267437101547
0	5	D	3569	397	0.16057790670780053
0	6	A	3570	396	0.13879779203249534
0	6	B	3570	396	0.1811816471638555
0	6	C	3570	396	0.17792786133824937
0	6	D	3570	396	0.1977630463999753
0	7	A	3570	396	0.15060846645197634
0	7	B	3570	396	0.2258654523425113
0	7	C	3570	396	0.22741543548226584
0	7	D	3570	396	0.22575337277374713
0	8	A	3570	396	0.09891543693157061
0	8	B	3570	396	0.13883122266248882
0	8	C	3570	396	0.13560526348843793
0	8	D	3570	396	0.14395287247374103
0	9	A	3570	396	0.22770085190134298
0	9	B	3570	396	0.17017736591756938
0	9	C	3570	396	0.17227422005663884
0	9	D	3570	396	0.17533978950297543
1	0	A	3569	397	0.14159780660419877
1	0	B	3569	397	0.1988622219562817
1	0	C	3569	397	0.2016104873654587
1	0	D	3569	397	0.19028180364458738
1	1	A	3569	397	0.1366430657217083
1	1	B	3569	397	0.18753277109921795
1	1	C	3569	397	0.18506125007143956
1	1	D	3569	397	0.1940779770925462
1	2	A	3569	397	0.0874445120802854
1	2	B	3569	397	0.16851182099337234
1	2	C	3569	397	0.17055374575342175
1	2	D	3569	397	0.17482784504922907
1	3	A	3569	397	0.10846787943227319
1	3	B	3569	397	0.10830927402450004
1	3	C	3569	397	0.10937405905951404
1	3	D	3569	397	0.10398435195594798
1	4	A	3569	397	0.1013693764601958
1	4	B	3569	397	0.10029941325588326
1	4	C	3569	397	0.09851198592765369
1	4	D	3569	397	0.11070810889805106
1	5	A	3569	397	0.09247040484461848
1	5	B	3569	397	0.18267794970578408
1	5	C	3569	397	0.1811494308424805
1	5	D	3569	397	0.1868434992303706
1	6	A	3570	396	0.11235899472356446
1	6	B	3570	396	0.1707764118885504
1	6	C	3570	396	0.16847897396952013
1	6	D	3570	396	0.17400411022832352
1	7	A	3570	396	0.11008938345608946
1	7	B	3570	396	0.09544367566878169
1	7	C	3570	396	0.09400809098542098
1	7	D	3570	396	0.11403941529248422
1	8	A	3570	396	0.0846486740310673
1	8	B	3570	396	0.1269940742759032
1	8	C	3570	396	0.12683503723263953
1	8	D	3570	396	0.1304639031323341
1	9	A	3570	396	0.15903781622622296
1	9	B	3570	396	0.1785605311798597
1	9	C	3570	396	0.18074047879232333
1	9	D	3570	396	0.1752431691850753
2	0	A	3569	397	0.0702932646593014
2	0	B	3569	397	0.19457239636853071
2	0	C	3569	397	0.19326826484149626
2	0	D	3569	397	0.19356418762770422
2	1	A	3569	397	0.11264896346475527
2	1	B	3569	397	0.1721547589869046
2	1	C	3569	397	0.17268964469703682
2	1	D	3569	397	0.17390862410671787
2	2	A	3569	397	0.17557810424537004
2	2	B	3569	397	0.18671346964576338
2	2	C	3569	397	0.1865905360709356
2	2	D	3569	397	0.19420743132500914
2	3	A	3569	397	0.1610773123690355
2	3	B	3569	397	0.2742465859562679
2	3	C	3569	397	0.27221501753481553
2	3	D	3569	397	0.2811795792948408
2	4	A	3569	397	0.08229645287731692
2	4	B	3569	397	0.09736991192125809
2	4	C	3569	397	0.09490644582349961
2	4	D	3569	397	0.10301891105784629
2	5	A	3569	397	0.17871358164764747
2	5	B	3569	397	0.10153488609370033
2	5	C	3569	397	0.09845866996228375
2	5	D	3569	397	0.11133159883840239
2	6	A	3570	396	0.09034328232746752
2	6	B	3570	396	0.07300785813045484
2	6	C	3570	396	0.07320921487295878
2	6	D	3570	396	0.06897125448922153
2	7	A	3570	396	0.032809361349360716
2	7	B	3570	396	0.07132279978627587
2	7	C	3570	396	0.0726482373072304
2	7	D	3570	396	0.06877260311561878
2	8	A	3570	396	0.08034327266543574
2	8	B	3570	396	0.16958295772184753
2	8	C	3570	396	0.1730958792400619
2	8	D	3570	396	0.17382574912147977
2	9	A	3570	396	0.14835779276680977
2	9	B	3570	396	0.1801539934626693
2	9	C	3570	396	0.17819318073120327
2	9	D	3570	396	0.1852076225701198
3	0	A	3569	397	0.13078943300580456
3	0	B	3569	397	0.0996199223734887
3	0	C	3569	397	0.09623742711726713
3	0	D	3569	397	0.11065671077316204
3	1	A	3569	397	0.08293797051818899
3	1	B	3569	397	0.16427857169980886
3	1	C	3569	397	0.1667978469555625
3	1	D	3569	397	0.15720097318897366
3	2	A	3569	397	0.20352334146114132
3	2	B	3569	397	0.19739219722764653
3	2	C	3569	397	0.19892608604429676
3	2	D	3569	397	0.19469302853478138
3	3	A	3569	397	0.07118026588173292
3	3	B	3569	397	0.16697678147243353
3	3	C	3569	397	0.16614884973681476
3	3	D	3569	397	0.17131148452743836
3	4	A	3569	397	0.08999236315920493
3	4	B	3569	397	0.10228035068863899
3	4	C	3569	397	0.10212404668944296
3	4	D	3569	397	0.11086460468129519
3	5	A	3569	397	0.21180956304306053
3	5	B	3569	397	0.18560304000730313
3	5	C	3569	397	0.1837534746474913
3	5	D	3569	397	0.18453921389252959
3	6	A	3570	396	0.08504365789064319
3	6	B	3570	396	0.16879183055888092
3	6	C	3570	396	0.1710995102316086
3	6	D	3570	396	0.166341152815661
3	7	A	3570	396	-0.0366082790085596
3	7	B	3570	396	0.10441931672043588
3	7	C	3570	396	0.10178390092939085
3	7	D	3570	396	0.10667057012750984
3	8	A	3570	396	0.10157037002683146
3	8	B	3570	396	0.16143941084794958
3	8	C	3570	396	0.15717111168439168
3	8	D	3570	396	0.16720513169832435
3	9	A	3570	396	0.15874273777535586
3	9	B	3570	396	0.16203034071222702
3	9	C	3570	396	0.16034354320232586
3	9	D	3570	396	0.16779741424705238
4	0	A	3569	397	0.0967188050779813
4	0	B	3569	397	0.06465653970179115
4	0	C	3569	397	0.06284187903873233
4	0	D	3569	397	0.08763552899218634
4	1	A	3569	397	0.14439823727445716
4	1	B	3569	397	0.1957978964358469
4	1	C	3569	397	0.20001196732460105
4	1	D	3569	397	0.18415065941109257
4	2	A	3569	397	0.06310097928770637
4	2	B	3569	397	0.1428666498663841
4	2	C	3569	397	0.1429249522170044
4	2	D	3569	397	0.14473692790338993
4	3	A	3569	397	0.15530518787357137
4	3	B	3569	397	0.20004821450969065
4	3	C	3569	397	0.19892934637311435
4	3	D	3569	397	0.2020116995940699
4	4	A	3569	397	0.16680647723772668
4	4	B	3569	397	0.12923118761504646
4	4	C	3569	397	0.12921066672190049
4	4	D	3569	397	0.1314489783471974
4	5	A	3569	397	0.14404669711430215
4	5	B	3569	397	0.1494406234669263
4	5	C	3569	397	0.1487559544152332
4	5	D	3569	397	0.15603703580109543
4	6	A	3570	396	0.08991274219090437
4	6	B	3570	396	0.15755256869946155
4	6	C	3570	396	0.15453840126224785
4	6	D	3570	396	0.1630722942204625
4	7	A	3570	396	0.14081966880487434
4	7	B	3570	396	0.13945983445074733
4	7	C	3570	396	0.13722519973835218
4	7	D	3570	396	0.15236541031267303
4	8	A	3570	396	0.04222211271919528
4	8	B	3570	396	0.12797902179657755
4	8	C	3570	396	0.12446977185044336
4	8	D	3570	396	0.13573454147378838
4	9	A	3570	396	0.08031061499798546
4	9	B	3570	396	0.2292572119820789
4	9	C	3570	396	0.23004544053550846
4	9	D	3570	396	0.21061451488387686
5	0	A	3569	397	0.10804633809456411
5	0	B	3569	397	0.1515105486979973
5	0	C	3569	397	0.15256478561036618
5	0	D	3569	397	0.14880562648368936
5	1	A	3569	397	0.11231851954989051
5	1	B	3569	397	0.09286586355178689
5	1	C	3569	397	0.08892450957942144
5	1	D	3569	397	0.10796099419316259
5	2	A	3569	397	0.1374911347823769
5	2	B	3569	397	0.1422017345716446
5	2	C	3569	397	0.14025186615468
5	2	D	3569	397	0.15221823183546157
5	3	A	3569	397	0.16538535744135532
5	3	B	3569	397	0.1664603070309183
5	3	C	3569	397	0.16718007256341244
5	3	D	3569	397	0.16749268056180452
5	4	A	3569	397	0.09612312382460352
5	4	B	3569	397	0.19273989978899916
5	4	C	3569	397	0.19005262170711584
5	4	D	3569	397	0.20984646152677747
5	5	A	3569	397	0.07903228837876888
5	5	B	3569	397	0.11488919293053315
5	5	C	3569	397	0.11324732969480637
5	5	D	3569	397	0.11505297650760482
5	6	A	3570	396	0.16488624406872024
5	6	B	3570	396	0.21644168625643617
5	6	C	3570	396	0.2151087123506854
5	6	D	3570	396	0.22140526522760368
5	7	A	3570	396	0.09234660799880964
5	7	B	3570	396	0.23014380001913087
5	7	C	3570	396	0.23246597273954353
5	7	D	3570	396	0.19684863171136807
5	8	A	3570	396	0.12098544994632743
5	8	B	3570	396	0.1418863571144922
5	8	C	3570	396	0.14000400008116107
5	8	D	3570	396	0.14788261404337674
5	9	A	3570	396	0.07292959567295569
5	9	B	3570	396	0.09713994196983708
5	9	C	3570	396	0.09781473827005187
5	9	D	3570	396	0.09537333607735038
6	0	A	3569	397	0.059646948581546004
6	0	B	3569	397	0.08863683350728147
6	0	C	3569	397	0.08916941780883657
6	0	D	3569	397	0.09692017832847928
6	1	A	3569	397	0.12684002410341916
6	1	B	3569	397	0.04914044307485063
6	1	C	3569	397	0.04748304533122832
6	1	D	3569	397	0.06051803172798578
6	2	A	3569	397	0.14823315110013086
6	2	B	3569	397	0.20318541796840092
6	2	C	3569	397	0.20092006479232283
6	2	D	3569	397	0.2052990699624372
6	3	A	3569	397	0.16926150483736907
6	3	B	3569	397	0.171084603998544
6	3	C	3569	397	0.17326633932965338
6	3	D	3569	397	0.17671384937817858
6	4	A	3569	397	0.10566246237676438
6	4	B	3569	397	0.13374463340287424
6	4	C	3569	397	0.13377301744199205
6	4	D	3569	397	0.1314719924329686
6	5	A	3569	397	0.14148657185630464
6	5	B	3569	397	0.15461783384520497
6	5	C	3569	397	0.15437426810412647
6	5	D	3569	397	0.1640031698067469
6	6	A	3570	396	0.17101506407376385
6	6	B	3570	396	0.2122601521383526
6	6	C	3570	396	0.20792344578972138
6	6	D	3570	396	0.2301720131519577
6	7	A	3570	396	-0.025880331871467925
6	7	B	3570	396	0.14258917330689802
6	7	C	3570	396	0.1439922935634443
6	7	D	3570	396	0.12446822592535695
6	8	A	3570	396	0.15283923635165547
6	8	B	3570	396	0.1869179954375886
6	8	C	3570	396	0.18672417507988084
6	8	D	3570	396	0.18904055058121955
6	9	A	3570	396	0.08372227842304047
6	9	B	3570	396	0.15396389685201342
6	9	C	3570	396	0.15292928648793844
6	9	D	3570	396	0.16293625281285903
7	0	A	3569	397	0.03925915356493942
7	0	B	3569	397	0.14266412591159752
7	0	C	3569	397	0.13753850544225593
7	0	D	3569	397	0.1583160056445881
7	1	A	3569	397	0.03236950342123564
7	1	B	3569	397	0.12091428058543233
7	1	C	3569	397	0.11632949113171384
7	1	D	3569	397	0.12901159487997962
7	2	A	3569	397	0.18235671142522783
7	2	B	3569	397	0.16216165937695504
7	2	C	3569	397	0.1644066834439352
7	2	D	3569	397	0.16801797706953206
7	3	A	3569	397	0.07876992780097726
7	3	B	3569	397	0.10066955646870335
7	3	C	3569	397	0.1048057630339316
7	3	D	3569	397	0.10955471963281795
7	4	A	3569	397	0.15159992006440878
7	4	B	3569	397	0.23237092262319153
7	4	C	3569	397	0.23059519412189566
7	4	D	3569	397	0.23977743077650673
7	5	A	3569	397	0.09848762935354585
7	5	B	3569	397	0.14488172485970036
7	5	C	3569	397	0.1442400154347802
7	5	D	3569	397	0.1485557318690238
7	6	A	3570	396	0.14233854020226497
7	6	B	3570	396	0.16802427875348194
7	6	C	3570	396	0.16892110854423137
7	6	D	3570	396	0.17024673930582168
7	7	A	3570	396	0.1237540085354389
7	7	B	3570	396	0.23059926819771226
7	7	C	3570	396	0.23146054171147434
7	7	D	3570	396	0.19091092669513102
7	8	A	3570	396	0.14818175054759566
7	8	B	3570	396	0.16375945792136848
7	8	C	3570	396	0.16208811966233136
7	8	D	3570	396	0.16931821805080105
7	9	A	3570	396	0.1347287239644476
7	9	B	3570	396	0.08816488064009029
7	9	C	3570	396	0.08658649112687312
7	9	D	3570	396	0.08684195524740117
8	0	A	3569	397	0.10014195855239866
8	0	B	3569	397	0.16004647311053397
8	0	C	3569	397	0.15982879821594806
8	0	D	3569	397	0.16276290236772753
8	1	A	3569	397	0.10305113077792596
8	1	B	3569	397	0.15431213007254424
8	1	C	3569	397	0.15613637993800775
8	1	D	3569	397	0.14475725701248782
8	2	A	3569	397	0.15328704433548554
8	2	B	3569	397	0.09457696082887533
8	2	C	3569	397	0.09624950951229701
8	2	D	3569	397	0.08254558035579011
8	3	A	3569	397	0.11377761258778435
8	3	B	3569	397	0.1760234268050427
8	3	C	3569	397	0.17414586097420928
8	3	D	3569	397	0.18009039932890927
8	4	A	3569	397	0.12289214947341855
8	4	B	3569	397	0.21118338812603588
8	4	C	3569	397	0.2093921251168444
8	4	D	3569	397	0.21308684480336193
8	5	A	3569	397	0.11142058663671767
8	5	B	3569	397	0.13262499813010556
8	5	C	3569	397	0.1316499680295992
8	5	D	3569	397	0.14312114729820388
8	6	A	3570	396	0.06910748913746077
8	6	B	3570	396	0.1293272617125565
8	6	C	3570	396	0.12701842259601404
8	6	D	3570	396	0.13805652095356527
8	7	A	3570	396	0.09966752948610552
8	7	B	3570	396	0.14096711140999
8	7	C	3570	396	0.13686751132148575
8	7	D	3570	396	0.15055783740539663
8	8	A	3570	396	0.10239975883568654
8	8	B	3570	396	0.16310359920346212
8	8	C	3570	396	0.16700106958691918
8	8	D	3570	396	0.15290088011447575
8	9	A	3570	396	0.17254011917150014
8	9	B	3570	396	0.16258629402142463
8	9	C	3570	396	0.16197236852148694
8	9	D	3570	396	0.16964131639385918
9	0	A	3569	397	0.1455343659753619
9	0	B	3569	397	0.19341095217327764
9	0	C	3569	397	0.18935797988492192
9	0	D	3569	397	0.20512128614985467
9	1	A	3569	397	0.11786932525385496
9	1	B	3569	397	0.15698502435082062
9	1	C	3569	397	0.15995825244841108
9	1	D	3569	397	0.14232658598695333
9	2	A	3569	397	0.05100515937446181
9	2	B	3569	397	0.15110645970866468
9	2	C	3569	397	0.1512033106529518
9	2	D	3569	397	0.15097297801119175
9	3	A	3569	397	0.12303215182852666
9	3	B	3569	397	0.18324179480717842
9	3	C	3569	397	0.18268619641985215
9	3	D	3569	397	0.18220424310699362
9	4	A	3569	397	0.14914949528192065
9	4	B	3569	397	0.1750591366112296
9	4	C	3569	397	0.17730761279107546
9	4	D	3569	397	0.17703201911396538
9	5	A	3569	397	0.14948972018323814
9	5	B	3569	397	0.1915053858714226
9	5	C	3569	397	0.18980330244459456
9	5	D	3569	397	0.20248809116953367
9	6	A	3570	396	0.026046712058892023
9	6	B	3570	396	0.0678651450899004
9	6	C	3570	396	0.06454198587604193
9	6	D	3570	396	0.07212880647819908
9	7	A	3570	396	0.05556441241802974
9	7	B	3570	396	0.11711541973315402
9	7	C	3570	396	0.11444367470257853
9	7	D	3570	396	0.11982214131880937
9	8	A	3570	396	0.1353542439025333
9	8	B	3570	396	0.15332291766306372
9	8	C	3570	396	0.15197332506263414
9	8	D	3570	396	0.1571255068943428
9	9	A	3570	396	0.18681635086315765
9	9	B	3570	396	0.13269119470056884
9	9	C	3570	396	0.1305759827010983
9	9	D	3570	396	0.14363267274021987
