metric	target	observed	absolute_difference	tolerance	status
primary_gene_count	3974.0	3974.0	0.0	0.0	PASS
complete_case_n	3966.0	3966.0	0.0	0.0	PASS
RNA6_rho	0.11347795924096821	0.11347795924096821	0.0	1e-10	PASS
Ribo6_rho	0.16326415613882245	0.16326415613882245	0.0	1e-10	PASS
Delta_rho	0.04971168011039095	0.04971168011039095	0.0	1e-10	PASS
residual_rho	0.11058808019012686	0.11058808019012686	0.0	1e-10	PASS
partial_Ribo_given_RNA	0.11845983274673053	0.11845983274673053	0.0	1e-10	PASS
CV_ModelB_minus_A	0.039280648992946095	0.039280648992946095	0.0	1e-10	PASS
structured_permutation_P	9.9990001e-05	9.999000099990002e-05	9.999054535747565e-17	1e-12	PASS
block_bootstrap_delta	0.049833798404433	0.049833798404433	0.0	1e-10	PASS
