metric	canonical_value	section_checks	status
rho_RNA6	0.11348	PASS; PASS; PASS	PASS
rho_Ribo6	0.16326	PASS; PASS; PASS	PASS
delta_primary	0.04971	PASS; PASS; PASS	PASS
rho_residual	0.11059	PASS; PASS	PASS
rho_partial_Ribo	0.11846	PASS; PASS	PASS
rho_partial_RNA	0.00872	PASS; PASS	PASS
delta_block	0.04983	PASS; PASS	PASS
T_REPEAT_OOF	0.04042	PASS; PASS; PASS; PASS; PASS	PASS
mean_rho_A	0.10969	PASS; PASS; PASS; PASS	PASS
mean_rho_B	0.15012	PASS; PASS; PASS; PASS	PASS
split_interval	0.03712–0.04408	PASS; PASS; PASS	PASS
permutation_B	10,000	PASS; PASS; PASS; PASS	PASS
permutation_extreme	b = 0	PASS; PASS	PASS
formal_P	0.00009999000099990002	PASS; PASS	PASS
